Name,County,Address,Phone,Email,Hours,Officer,Organization_Type,geo_tag
Ingham County - American Legion State Headquarters,Ingham,"212 N. Verlinden Ave., Lansing, MI 48915",517-930-7266,vjohnsonalvso@outlook.com,"Friday, 8:00 a.m. - 4:30 p.m.","Valerie Johnson, Accredited",AMERICAN LEGION - VETERAN SERVICE OFFICER,mi_26065
Ingham County Department of Veterans Affairs,Ingham,"Entrance 2, 5303 S. Cedar St., Lansing MI 48911",517-887-4331,apocan@ingham.org,"Monday - Friday, 8:00 a.m. - 12:00 p.m. & 1:00 p.m. - 4:30 p.m. (by appointment only)","John Taylor, Accredited",COUNTY VETERAN SERVICE OFFICERS,mi_26065
Ingham County - Lansing CBOC,Ingham,"5656 S. Cedar St., Lansing, MI 48811",517-267-3925,john.howe4@va.gov,"Monday - Thursday, 7:00 a.m. - 3:00 p.m.","Robert Neal, Accredited",VIETNAM VETERANS OF AMERICA - VETERAN SERVICE OFFICER,mi_26065
Clinton County - American Legion Post 412,Clinton,"5480 Clark Rd., Bath, MI 48808",517-930-7266,vjohnson@milegionfoundation.onmicrosoft.com,"3rd Wednesday, 8:00 a.m. - 4:00 p.m.","Valerie Johnson, Accredited",AMERICAN LEGION - VETERAN SERVICE OFFICER,mi_26037
Eaton County - American Legion Post 48,Eaton,"731 N. Clinton St., Grand Ledge, MI 48837",517-930-7266,vjohnsonalvso@outlook.com,"2nd & 4th Monday, 8:00 a.m. - 4:00 p.m.","Valerie Johnson, Accredited",AMERICAN LEGION - VETERAN SERVICE OFFICER,mi_26045
Shiawassee County - American Legion Post 248,Shiawassee,"1240 W. Grand River, Laingsburg, MI 48848",517-651-6050,vjohnson@milegionfoundation.onmicrosoft.com,,"Valerie Johnson, Accredited",AMERICAN LEGION - VETERANS SERVICE OFFICER,mi_26155
Ingham County - VFW National Home,Ingham,"3573 S. Waverly Rd.&nbsp;, Eaton Rapids, MI 48827",517-930-7266,vjohnson@milegionfoundation.onmicrosoft.com,"2nd & 4th Wednesday, 8:00 a.m. - 4:00 p.m.","Valerie Johnson, Accredited",AMERICAN LEGION - VETERAN SERVICE OFFICER,mi_26065
Eaton County Veterans Services,Eaton,"1045 Independence Blvd., 1st Floor, Charlotte, MI 48813",517-543-3740,tlewis@eatoncounty.org,"Monday - Friday, 8:00 a.m. - 5:00 p.m.","Tom Lewis, Accredited",COUNTY VETERAN SERVICE OFFICER,mi_26045
Clinton County Department of Veterans Affairs,Clinton,"100 E. State St., St. Johns, MI 48879",517-887-4332,mmitchell2@ingham.org,Call Ingham County at 517-887-4331 to schedule an appointment.,"Matt Mitchell, Accredited",COUNTY VETERAN SERVICE OFFICER,mi_26037
Shiawassee County Department of Veterans Affairs,Shiawassee,"1042 N. Shiawassee St., Corunna, MI 48817",989-743-2231,mreeve@shiawassee.net,,"John Sprague, Accredited",COUNTY VETERAN SERVICE OFFICERS,mi_26155
"Ionia County - The Right Door for Hope, Recovery and Wellness",Ionia,"375 Appletree Dr., Ionia, MI 48846",616-527-1790,vjohnsonalvso@outlook.com,"1st & 3rd Monday, 8:30 a.m. - 4:30 p.m.","Valerie Johnson, Accredited",AMERICAN LEGION - VETERAN SERVICE OFFICER,mi_26067
Jackson County Department of Veterans Affairs,Jackson,"1715 Lansing Avenue, Jackson, MI 49201",517-788-4425,PMccaskey@mijackson.org,"Monday - Friday, 8:00 a.m. - 4:00 p.m.","Valerie Johnson, Accredited",AMERICAN LEGION - VETERAN SERVICE OFFICER,mi_26075
Livingston County Veteran Services,Livingston,"1420 Lawson Drive, Howell, MI 48843",517-546-6338,veterans@livgov.com,"Monday - Friday, 8:00 a.m. - 5:00 p.m.","Kelly Johnson, Accredited",COUNTY VETERAN SERVICE OFFICERS,mi_26093
Barry County Department of Veterans Affairs,Barry,"231 S. Broadway St., Hastings, MI 49058",269-945-1296,pbreas@michiganlegion.org,"Monday - Friday, 8:00 a.m. - 5:00 p.m.","Andrew Ferguson, Accredited",DISABLED AMERICAN VETERANS - VETERAN SERVICE OFFICER,mi_26015
Gratiot County Department of Veterans Affairs,Gratiot,"214 E. Center St., Ithaca, MI 48847",989-875-5258,veterans@gratiotmi.com,"Monday - Friday, 9:00 a.m. - 4:00 p.m.","Kayla Webster, Director, Accredited",COUNTY VETERAN SERVICE OFFICERS,mi_26057
Calhoun County - Battle Creek Federal Center,Calhoun,"74 N. Washington Avenue, Battle Creek, MI 49037",313-712-0406,glenn.whitt@va.gov,"4th Wednesday, 7:00 a.m. - 3:00 p.m.","Glenn Whitt, Accredited",VETERANS OF FOREIGN WARS - VETERAN SERVICE OFFICER,mi_26025
Calhoun County Veterans Affairs,Calhoun,"190 E. Michigan Ave., Battle Creek, MI 49014",269-969-6735,jcarlsen@calhouncountymi.gov,"Monday - Thursday, 8:00 a.m. - 4:30 p.m., Friday 8:00 a.m. - 12:00 p.m.","Kristina Higgins, Accredited",COUNTY VETERAN SERVICE OFFICERS,mi_26025
Calhoun County - American Legion Post 257,Calhoun,"7475 B. Drive North, Battle Creek, MI 49014","833-648-7230, Option 1",jclark@milegionfoundation.onmicrosoft.com,"2nd and 3rd Monday, Tuesday, Thursday, 8:00 a.m. - 4:00 p.m.","Joshua Clark, Accredited",AMERICAN LEGION - VETERAN SERVICE OFFICERS,mi_26025
Calhoun County - Battle Creek VA Medical Center,Calhoun,"5500 Armstrong Road, Battle Creek, MI 49037",269-966-5600,andrew.ferguson@va.gov,"Monday, 2nd & 4th Tuesday, Wednesday & Thursday, 6:00 a.m. - 4:30 p.m.","Preston Russell, Accredited",VIETNAM VETERANS OF AMERICA - VETERAN SERVICE OFFICER,mi_26025
Oakland County - Holly Area Veteran Resource Center,Oakland,"1006 N Saginaw Rd, Suite C, Holly, MI 48442",810-623-8002,katrina.gramer@va.gov,"Monday - Thursday, 8:00 a.m. - 4:00 p.m.","Katrina Gramer, Accredited",VIETNAM VETERANS OF AMERICA - VETERAN SERVICE OFFICER,mi_26125
Genesee County - Flint CBOC,Genesee,"G-2360 S. Linden Road, Flint, MI 48505",989-854-4121,,"Tuesday and Wednesday, 8:00 a.m. &ndash; 4:00 p.m.","Robert Neal, Accredited",VIETNAM VETERANS OF AMERICA - VETERANS SERVICE OFFICER,mi_26049
Montcalm County Department of Veterans Affairs,Montcalm,"211 W. Main St., Stanton, MI 48888",989-831-7477,twright@montcalm.us,"Monday - Friday, 8:00 a.m. - 4:00 p.m.","Indira Smith, Accredited",COUNTY VETERAN SERVICE OFFICERS,mi_26117
Genesee County Department of Veterans Services,Genesee,"324 S. Saginaw St, Suite 7D, Flint, MI 48502-1417",810-257-3068,cwagner@geneseecountymi.gov,"Monday - Friday, 8:00 a.m. - 5:00 p.m.","Chad Parenteau, Accredited",COUNTY VETERAN SERVICE OFFICERS,mi_26049
Kent County - American Legion Post 305,Kent,"9548 Cherry Valley Ave. SE, Caledonia, MI 49316",616-891-1882,pbreas@michiganlegion.org,"2nd and 4th Friday, 8:30 a.m. - 4:30 p.m.","Patty Breas, Accredited",AMERICAN LEGION - VETERAN SERVICE OFFICER,mi_26081
Washtenaw County - Ann Arbor VA Medical Center,Washtenaw,"2215 Fuller Road, Ann Arbor, MI 48105",734-769-7100,bbrooks@milegionfoundation.onmicrosoft.com,"Monday, 12:00 p.m. - 3:30 p.m. & Tuesday, Thursday, Friday, 7:30 a.m. - 3:30 p.m.","Betty Srivastava, Accredited",VIETNAM VETERANS OF AMERICA - VETERAN SERVICE OFFICER,mi_26161
Washtenaw County Department of Veterans Affairs,Washtenaw,"2155 Hogback Road, Ann Arbor, MI 48105, &nbsp;",734-973-4540,saimsd@washtenaw.org,Monday - Thursday 7:30 a.m. - 12:00 p.m. and 1:00 p.m. - 6:30 p.m.,"Duane Weide, Accredited",COUNTY VETERAN SERVICE OFFICERS,mi_26161
Kent County – Grand Rapids Vet Center,Kent,"2050 Breton Rd. SE, Grand Rapids, MI 49546",616-285-5795,pbreas@michiganlegion.org,"Tuesday - Wednesday, 9:00 a.m. - 5:00 p.m.","Patty Breas, Accredited",AMERICAN LEGION - VETERAN SERVICE OFFICER,mi_26081
Saginaw County Veteran Services,Saginaw,"1915 Fordney Street, Saginaw, MI 48601",989-753-7721,KNapoleon@MichiganLegion.org,"Monday - Friday, 10:00 a.m. - 3:00 p.m.","Kimberly Napoleon, Accredited",AMERICAN LEGION - VETERAN SERVICE OFFICER,mi_26145
Hillsdale County Department of Veterans Affairs,Hillsdale,"33 McCollum St., Room 108, Hillsdale, MI 49242",517-437-3630,r.shircliff@hillsdalecounty.gov,"Monday - Thursday, 8:00 a.m. - 3:00 p.m.","Dolly Leaders, Accredited",COUNTY VETERAN SERVICE OFFICERS,mi_26059
Kent County - Hero&#39;s Corner,Kent,"4809 Eastern Ave. SE, Kentwood, MI 49508",616-268-8073,pbreas@michiganlegion.org,"3rd Friday, 9:00 a.m. - 4:00 p.m.","Amber Henderson, Accredited",DISABLED AMERICAN VETERANS - VETERAN SERVICE OFFICERS,mi_26081
Branch County Department of Veterans Affairs,Branch,"570 Marshall Road, Suite F, Coldwater, MI 49036",517-279-4322,neasterling@branchcounty.gov,"Monday - Friday, 7:00 a.m. - 3:00 p.m.","Joshua Clark, Accredited",AMERICAN LEGION - VETERAN SERVICE OFFICER,mi_26023
Saginaw County VA Medical Center,Saginaw,", 1500 Weiss Street, Saginaw MI 48602",989-497-2500,simpkinst@michiganlegion.org,"Monday - Thursday, 9:00 a.m. - 4:00 p.m.","Robert Neal, Accredited",VIETNAM VETERANS OF AMERICA - VETERANS SERVICE OFFICERS,mi_26145
Kent County Veterans Services,Kent,"836 Fuller Ave. NE, Grand Rapids, MI 49503",616-632-5722,ryan.grams@kentcountymi.gov,"Monday - Friday, 8:00 a.m. - 5:00 p.m.","Jeremy Binder, Accredited",COUNTY VETERAN SERVICE OFFICERS,mi_26081
Kent County – Trinity Health,Kent,"200 Jefferson Ave. SE, Grand Rapids, MI 49503",517-898-4720,RameyA1@michigan.gov,"Monday - Thursday, 8:00 a.m. - 5:00 p.m.","Austin Ramey, Accredited",MICHIGAN VETERANS AFFAIRS AGENCY - VETERAN SERVICE OFFICER,mi_26081
Kent County – 62A District Court,Kent,"2650 De Hoop Ave. SW, Wyoming, MI 49509, &nbsp;",616-257-9836,pbreas@michiganlegion.org,"1st & 3rd Monday, 8:00 a.m. - 4:00 p.m.","Patty Breas, Accredited",AMERICAN LEGION - VETERAN SERVICE OFFICER,mi_26081
Kent County - Wyoming CBOC,Kent,"5838 Metro Way SW, Wyoming, MI 49515",616-249-5300,pbreas@michiganlegion.org,"Thursday, 8:00 a.m. - 4:00 p.m.","Dalton Quist, Accredited",DISABLED AMERICAN VETERANS - VETERAN SERVICE OFFICERS,mi_26081
Kent County - VFW Post 830,Kent,"557 11th St NW, Grand Rapids, MI 49504",313-529-2746,pbreas@michiganlegion.org,"Monday - Thursday, 7:00 a.m. - 5:00 p.m.","David Moler, Accredited",david.moler@va.gov,mi_26081
Saginaw County Vet Center,Saginaw,"5360 Hampton Place, Suite 200, Saginaw, MI 48604",586-839-5054,Tracy.Desjarlais@va.gov,"Monday - Tuesday, 8:00 a.m. - 4:30 p.m.","Tracy DesJarlais, Accredited",DISABLED AMERICAN VETERANS - VETERAN SERVICE OFFICER,mi_26145
Kalamazoo County - VFW Post 827,Kalamazoo,"562 Portage Street, Kalamazoo, MI 49007",313-712-0406,glenn.whitt@va.gov,"2nd Monday, 8:00 a.m. - 4:00 p.m.","Glenn Whitt, Accredited",VETERANS OF FOREIGN WARS - VETERAN SERVICE OFFICER,mi_26077
Wayne County - Schoolcraft College,Wayne,"18600 Haggerty Rd., Livonia, MI 48152",248-241-3472,strzeleckis@michigan.gov,"Monday - Thursday, 7:00 a.m. - 3:30 p.m. (by appointment only)","Steven Strzelecki, Accredited",MICHIGAN VETERANS AFFAIRS AGENCY - VETERAN SERVICE OFFICER,mi_26163
Kalamazoo County Veterans Service Office,Kalamazoo,"311 E. Alcott St., Kalamazoo, MI 49001",269-373-5361,ljking@kalcounty.com,"Monday - Friday, 8:00 a.m. - 4:00 p.m.","Jessecia Harter, Accredited",COUNTY VETERAN SERVICE OFFICERS,mi_26077
Isabella County Department of Veterans Affairs,Isabella,"2200 S. Lincoln Rd., Mount Pleasant, MI 48858",989-317-4093,Veterans@IsabellaCounty.org,"Monday - Friday, 8:00 a.m. - 4:30 p.m.","Ian Welch, Accredited, Director",COUNTY VETERAN SERVICE OFFICER,mi_26073
Oakland County Department of Veterans Affairs - Pontiac Office,Oakland,"North Office Building 26 East, 1200 North Telegraph, Pontiac, MI 48341-0468",248-858-0785,veterans-services@oakgov.com,"Monday - Friday, 8:30 a.m. - 4:30 p.m.","Alysa Wamsler, Accredited",COUNTY VETERAN SERVICE OFFICERS,mi_26125
Midland County Veterans Services Office,Midland,"220 W. Ellsworth St., Midland, MI 48640",989-832-6600,kmeyer@co.midland.mi.us,"Monday - Friday, 8:00 a.m. - 5:00 p.m.","Kieshan Counts, Accredited",AMERICAN LEGION - VETERAN SERVICE OFFICER,mi_26111
Wayne County – Canton CBOC,Wayne,"5900 North Lotz Road, Canton, MI 48187",586-234-1854,allen.smith@va.gov,"Friday, 7:00 a.m. - 5:30 p.m.","Richard Legault, Accredited",VIETNAM VETERANS OF AMERICA - VETERAN SERVICE OFFICER,mi_26163
Lenawee County Department of Veterans Affairs,Lenawee,"1040 S. Winter St., Suite 3017, Adrian, MI 49221",517-264-5335,veterans.affairs@lenawee.mi.us,"Monday - Thursday, 8:00 a.m. - 12:00 p.m. and 1:30 p.m. - 4:30 p.m.","Kristina Eschedor, Accredited, Veterans Relief Service Officer",COUNTY VETERAN SERVICE OFFICERS,mi_26091
Bay County - Great Lakes Bay Vet Center,Bay,"6387 Westside Saginaw Rd, Bay City, MI 48706","833-648-3826, Option 1",Kcounts@milegionfoundationonmicrosoft.com,"Wednesday - Friday, 8:00 a.m. - 4:00 p.m.","Kieshan Counts, Accredited",AMERICAN LEGION - VETERAN SERVICE OFFICER,mi_26017
Wayne County – Radcliff Center,Wayne,"1751 Radcliff St., Garden City, MI 48135",734-793-1850,mschantz@milegionfoundation.onmicrosoft.com,"Monday, 8:00 a.m. - 4:00 p.m.","Matthew Schantz, Accredited",AMERICAN LEGION &ndash; VETERAN SERVICE OFFICER,mi_26163
Oakland County - American Legion Post 108,Oakland,"130 E. Drahner, Oxford, MI 48371","833-648-3826, Option 1",lisa.misenko@va.gov,"3rd Tuesday, 8:00 a.m. - 4:00 p.m.","Lisa Misenko, Accredited",AMERICAN LEGION - VETERAN SERVICE OFFICER,mi_26125
Lapeer County Veteran Services,Lapeer,"287 W. Nepessing St., Suite 2, Lapeer, MI 48446",810-667-0256,veteranservices@lapeercounty.org,"Monday - Friday, 7:30 a.m. - 4:30 p.m.","Amanda Klein, Accredited",VETERANS OF FOREIGN WARS - VETERAN SERVICE OFFICER,mi_26087
Allegan County Office of Veteran Services,Allegan,"3255 122nd Ave., Suite 200, Allegan, MI 49010, &nbsp;",269-673-0501,jgarcia@allegancounty.org,"Monday - Friday, 8:00 a.m. - 5:00 p.m.","Anthony Morales, Accredited",COUNTY VETERAN SERVICE OFFICERS,mi_26005
Oakland County - Oakland University,Oakland,"502 Meadow Brook Rd., Rochester, MI 48309",313-964-6640,lisa.misenko@va.gov,"3rd Wednesday, 8:00 a.m. - 4:00 p.m.","Lisa Misenko, Accredited",AMERICAN LEGION - VETERAN SERVICE OFFICER,mi_26125
Bay County Office of Veteran Affairs,Bay,"515 Center Ave., Room 103, Bay City, MI 48708",989-895-4190,kaczmarekm@baycountymi.gov,"Monday - Friday, 8:00 a.m. to 5:00 p.m.","Mark Kaczmarek, Accredited",COUNTY VETERAN SERVICE OFFICER,mi_26017
Bay County - Bay Veterans Foundation,Bay,"1009 N. Madison Ave., Bay City, MI 48708","833-648-3826, Option 1",Kcounts@milegionfoundationonmicrosoft.com,"Monday, 8:00 a.m. - 4:00 p.m.","Kieshan Counts, Accredited",AMERICAN LEGION - VETERAN SERVICE OFFICER,mi_26017
Oakland County - Easterseals MORC,Oakland,"22179 W. 9 Mile Rd., Southfield, MI 48033","833-648-3826, Option 1",lisa.misenko@va.gov,"2nd Thursday, 8:00 a.m. - 4:00 p.m.","Lisa Misenko, Accredited",AMERICAN LEGION - VETERAN SERVICE OFFICER,mi_26125
Oakland County - American Legion Post 14,Oakland,"1340 W. Maple Rd., Troy, MI 48084","833-648-3826, Option 1",lisa.misenko@va.gov,"1st & 3rd Monday, 8:00 a.m. - 4:00 p.m.","Lisa Misenko, Accredited",AMERICAN LEGION - VETERAN SERVICE OFFICER,mi_26125
Oakland County Department of Veterans Affairs - Troy Office,Oakland,"1151 Crooks Road, Entrance B, Troy, MI 48084",248-655-1250,veterans-services@oakgov.com,"Monday - Friday, 8:30 a.m. - 4:30 p.m.","Meghan Forshey, Accredited",COUNTY VETERAN SERVICE OFFICERS,mi_26125
Wayne County - Taylor Media Center,Wayne,"23511 Goddard Rd., Taylor, MI 48180",313-410-0369,rhonda.brown6@va.gov,"Wednesday - Friday, 8:00 a.m. &ndash; 4:00 p.m.","Rhonda Brown, Accredited",VIETNAM VETERANS OF AMERICA - VETERAN SERVICE OFFICER,mi_26163
Wayne County – Henry Ford Centennial Library,Wayne,"16301 Michigan Ave., Room M-33, Dearborn, MI 48126, &nbsp;",734-800-9399,rlegault.vso@outlook.com,"Thursday, 10:00 a.m. - 5:00 p.m.","Richard Legault, Accredited",VIETNAM VETERANS OF AMERICA - VETERAN SERVICE OFFICER,mi_26163
St. Joseph County Department of Veterans Affairs,St. Joseph,"125 W. Main St., Centreville, MI 49032",269-467-5512,summeys@stjosephcountymi.org,"Monday - Friday, 9:00 a.m. - 4:00 p.m.","Jarrod Phillips, Accredited",COUNTY VETERAN SERVICE OFFICERS,mi_26149
Clare County - VA Outpatient Clinic,Clare,"11775 North Isabella Rd., Clare, MI 48617",989-386-8113,ecuddington@michiganlegion.org,"Monday, Tuesday, Thursday, 7:30 a.m. - 4:00 p.m.","Rebecca MacFarlane, Accredited",VIETNAM VETERANS OF AMERICA - VETERANS SERVICE OFFICERS,mi_26035
Van Buren County Veterans Services,Van Buren,"226 East Michigan Ave., Paw Paw, MI 49079",269-657-8200,fossittm@vanburencountymi.gov,"Monday - Friday, 8:30 a.m. - 5:00 p.m.","Michael Fossitt, Accredited, Acting Director",COUNTY VETERAN SERVICE OFFICERS,mi_26159
Muskegon County - American Legion Post 297,Muskegon,"3590 Conklin St., Ravenna, MI 49451",517-582-1678,dav.vbadet@va.gov,"Wednesday, 9:00 a.m. - 2:00 p.m.","Courtney Mills, Accredited",AMERICAN LEGION - VETERAN SERVICE OFFICER,mi_26121
Clare County - American Legion Post 558,Clare,"400 E. Ludington Dr., Farwell, MI 48622",,vjohnsonalvso@outlook.com,"4th Tuesday, 8:00 a.m. - 4:00 p.m.","Valerie Johnson, Accredited",AMERICAN LEGION - VETERAN SERVICE OFFICER,mi_26035
Ottawa County Department of Veterans Services,Ottawa,"12251 James St., Suite 300, Holland, MI 49424",616-393-8387,Ottawacountydva@miottawa.org,"Monday - Friday, 8:00 a.m. - 5:00 p.m.","Cheryl Wynsma, Accredited",VIETNAM VETERANS OF AMERICA - VETERAN SERVICE OFFICER,mi_26139
Macomb County - Detroit Arsenal,Macomb,"6501 E. 11 Mile Road, Building 23W, Room# 1H119-L, Warren, MI 48397",586-817-6107,Rbowens@davmichigan.com,"Tuesday, Wednesday, 8:30 a.m. - 7:00 p.m.","Rodney Bowens, Accredited",Rbowens@davmichigan.com,mi_26099
Monroe County Department of Veterans Affairs,Monroe,"965 S. Raisinville Road, Monroe, MI 48161",734-240-3287 or 734-240-3291,alvin_bond@monroemi.org,"Monday - Friday, 9:00 a.m. - 4:00 p.m.","Rachael Blanks, Accredited",COUNTY VETERAN SERVICE OFFICERS,mi_26115
Tuscola County Office of Veterans Affairs,Tuscola,"1309 Cleaver Road, Caro, MI 48723",989-673-8148,jboggs@tchd.us,"Monday - Friday, 8:00 a.m. - 4:00 p.m.","Teressa Bonesteel, Accredited",COUNTY VETERAN SERVICE OFFICERS,mi_26157
Wayne County - Volunteers of America,Wayne,"253 E. Milwaukee St., Detroit, MI 48202",586-817-6107,Rbowens@davmichigan.com,"1st Friday, 8:30 a.m. - 7:00 p.m.","Rodney Bowens, Accredited",Rbowens@davmichigan.com,mi_26163
Wayne County - Downriver Community Conference Center,Wayne,"2121 Biddle Ave., Wyandotte, MI 48192",734-720-7852,mschantz@milegionfoundation.onmicrosoft.com,"Tuesday - Thursday, 8:00 a.m. - 4:00 p.m.","Matthew Schantz, Accredited",AMERICAN LEGION - VETERAN SERVICE OFFICER,mi_26163
Wayne County - Detroit VA Medical Center,Wayne,"4646 John R St., Detroit, MI 48201, &nbsp;",313-576-1000,paulus.obey@va.gov,"Tuesday - Wednesday, 7:00 a.m. - 5:30 p.m.","Bonnie Gibbs, Accredited",VETERANS OF FOREIGN WARS - VETERAN SERVICE OFFICERS,mi_26163
Wayne County - Vietnam Veterans of America - Telework,Wayne,,734-800-9399,tammy.bhatti@va.gov,,"Bethany Bragenzer, Accredited",Wayne County - Vietnam Veterans of America - Telework,mi_26163
Wayne County - Patrick V. McNamara Federal Building,Wayne,"477 Michigan Ave.&nbsp;&nbsp;, Detroit, MI 48226, &nbsp;",833-648-3826 option #1 or 313-964-6640,al.vbadet@va.gov,"Monday - Friday, 8:00 a.m. - 4:00 p.m.","Rhonda Brown, Accredited",VIETNAM VETERANS OF AMERICA - VETERANS SERVICE OFFICERS,mi_26163
Wayne County Department of Veterans Affairs,Wayne,"400 Monroe, Suite 405, Detroit, MI 48226",313-224-5045,Gdevereaux@waynecountymi.gov,"Monday - Friday, 8:00 a.m. - 4:30 p.m.",,jdavis3@waynecountymi.gov,mi_26163
Oakland County - VFW Post 6691,Oakland,"17075 Anita Street, Fraser, MI 48026",734-800-9399,,"Wednesday, 8:00 a.m. - 4:00 p.m.","Richard Legault, Accredited",VIETNAM VETERANS OF AMERICA - VETERAN SERVICE OFFICER,mi_26125
Macomb County - VVA Chapter 154,Macomb,"18025 15 Mile Rd., Clinton Twp., MI 48035",734-800-9399,rlegault.vso@outlook.com,"Monday, 9:00 am. - 2:00 p.m.","Richard Legault, Accredited",VIETNAM VETERANS OF AMERICA - VETERAN SERVICE OFFICER,mi_26099
Newaygo County Department of Veterans Affairs,Newaygo,"1087 Newell St., White Cloud, MI 49349",231-689-7218,stevec@co.newaygo.mi.us,"Monday - Friday, 8:00 a.m. - 5:00 p.m.","Charles McKinley, Accredited",COUNTY VETERAN SERVICE OFFICERS,mi_26123
Mecosta County Department of Veterans Affairs,Mecosta,"14330 Northland Dr., Big Rapids, MI 49307",231-679-8774,rshoop@mecostacounty.org,"Monday - Tuesday, 10:00 a.m. - 5:00 p.m. & Wednesday, 10:00 a.m. - 4:00 p.m.","Phillip Babcock, Accredited",AMERICAN LEGION - VETERANS SERVICE OFFICER,mi_26107
Wayne County - Detroit Vet Center,Wayne,"11214 Jefferson Ave., Detroit, MI 48214",248-241-3472,strzeleckis@michigan.gov,"4th Wednesday, 7:00 a.m. - 3:30 p.m. (by appointment only)","Steven Strzelecki, Accredited",MICHIGAN VETERANS AFFAIRS AGENCY - VETERAN SERVICE OFFICER,mi_26163
Macomb County Department of Veterans Affairs,Macomb,"21885 Dunham Road, Suite 3, Clinton Twp., MI 48036",586-469-5315,laura.rios@macombgov.org,"Monday - Friday, 8:30 a.m. - 5:00 p.m.","Mark Scott, Accredited",david.hannum@macombgov.org,mi_26099
Gladwin County Department of Veterans Affairs,Gladwin,"555 W. Cedar Ave., Gladwin, MI 48624",989-426-4891,vadirector@gladwincounty-mi.gov,"Monday - Friday, 8:00 a.m. - 4:00 p.m.","Karly Knapp, Accredited",COUNTY VETERAN SERVICE OFFICERS,mi_26051
Ottawa County – American Legion Post 28,Ottawa,"700 S. Harbor Dr., Grand Haven, MI 49417",517-582-1678,cthurber@michiganlegion.org,"Monday, 9:00 a.m. - 2:00 p.m.","Courtney Mills, Accredited",AMERICAN LEGION - VETERAN SERVICE OFFICER,mi_26139
Muskegon County - CBOC,Muskegon,"2734 E. Apple Ave., Muskegon, MI 49442",586-854-1858,amber.henderson@va.gov,"Monday-Tuesday, 8:00 a.m. - 4:30 p.m.","Amber Henderson, Accredited",DISABELED AMERICAN VETERANS - VETERAN SERVICE OFFICER,mi_26121
Osceola County Veterans Services Office,Osceola,"215 S. Division St., Hersey, MI 49639",231-680-4341,veteransservices@osceolacountymi.com,"Monday - Friday, 8:00 a.m. - 4:00 p.m.","Rick Lloyd, Accredited",COUNTY VETERANS SERVICE OFFICERS,mi_26133
Clare County Veterans Services,Clare,"225 W. Main St., Harrison, MI 48625",989-539-3273,hauserk@clareco.net,"Monday - Friday, 8:00 a.m. - 4:30 p.m.","Allisha Gary, Accredited",COUNTY VETERAN SERVICE OFFICERS,mi_26035
Muskegon County Department of Veterans Affairs,Muskegon,"1903 Marquette Ave., Muskegon, MI 49442",231-724-7143,baauwmi@co.muskegon.mi.us,"Monday - Friday, 8:00 a.m. - 5:00 p.m.","Courtney Mills, Accredited",AMERICAN LEGION - VETERAN SERVICE OFFICER,mi_26121
Arenac County Veterans Affairs,Arenac,"120 N. Grove St., Room #B11, Standish, MI 48658",989-846-9080,va@arenaccountymi.gov,"Tuesday - Wednesday, 9:00 a.m. - 3:00 p.m. & Thursday - Friday, 10:00 a.m. - 2:30 p.m.","Ron Alley, Accredited",COUNTY VETERAN SERVICE OFFICER,mi_26011
Cass County Department of Veterans Affairs,Cass,"120 N. Broadway St., Suite 100, Cassopolis, MI 49031",269-445-4472,kareek@cassco.org,"Monday - Wednesday, 7:00 a.m. - 4:00 p.m.","Karee Krause, Accredited, Director",COUNTY VETERAN SERVICE OFFICER,mi_26027
Sanilac County Department of Veterans Affairs,Sanilac,"171 Dawson St., Room 227, Sandusky, MI 48471",810-648-0212,director@sanilaccountyva.org,"Monday - Friday, 8:00 a.m. - 4:00 p.m.","Shannon Kreger, Accredited, Director",COUNTY VETERAN SERVICE OFFICER AND TRUST FUND AGENT,mi_26151
Lake County Veterans Services,Lake,"800 Tenth St., Suite 100, Baldwin, MI 49304",231-745-6003,nbarton@co.lake.mi.us,"Monday - Thursday, 8:30 a.m. - 5:00 p.m.","Nicole Barton, Accredited",COUNTY VETERAN SERVICE OFFICER,mi_26085
Berrien County - Benton Harbor CBOC,Berrien,"1275 Mall Dr., Benton Harbor, MI 49022",833-648-3826,jclark@milegionfoundation.onmicrosoft.com,"1st & 4th Monday, 8:00 a.m. - 4:00 p.m.","Joshua Clark, Accredited",AMERICAN LEGION - VETERAN SERVICE OFFICER,mi_26021
Berrien County Department of Veterans Affairs - Niles Office,Berrien,"1205 N. Front Street, Niles, MI 49120",269-983-7111 ext. 6207,Veterans@berriencounty.org,"Monday, Tuesday Thursday, 9:00 a.m. - 2:00 p.m. and Wednesday, 9:00 a.m. - 1:00 p.m.","Ryan McNeely, Accredited",COUNTY VETERAN SERVICE OFFICER,mi_26021
Huron County Department of Veterans Affairs,Huron,"250 East Huron Ave., Room 101-E, Bad Axe, MI 48413",989-269-8911,youngs@co.huron.mi.us,"Monday - Friday, 8:30 a.m. - 4:30 p.m.","Hannah Young, Accredited",COUNTY VETERAN SERVICE OFFICERS,mi_26063
Berrien County Department of Veterans Affairs - St. Joseph Office,Berrien,"701 Main St., St. Joseph, MI 49085",269-983-7111 ext. 8224,madams@berriencounty.org,"Monday - Friday, 8:30 a.m. - 5:00 p.m.","Erik Larsen, Accredited",COUNTY VETERAN SERVICE OFFICERS,mi_26021
Ogemaw County Department of Veterans Affairs,Ogemaw,"496 E. Houghton Ave., West Branch, MI 48661, &nbsp;",989-345-5170,nicholsj@ocmi.us,"Monday - Friday, 8:30 a.m. - 4:30 p.m.","Jared Gale, Accredited",COUNTY VETERANS SERVICE OFFICERS,mi_26129
St. Clair County Department of Veterans Affairs,St. Clair,"200 Grand River, Suite 104, Port Huron, MI 48060",810-989-6945,rmccann@stclaircounty.org,"Monday - Friday, 8:00 a.m. - 4:30 p.m.","Heidi Slossar, Accredited",COUNTY VETERAN SERVICE OFFICERS,mi_26147
Oceana County Department of Veterans Affairs,Oceana,"844 S. Griswold Street, Suite 100, Hart, MI 49420",231-873-6834,jslinkard@oceana.mi.us,"Monday - Friday, 8:00 a.m. - 3:00 p.m.","Samuel Nanasi, Accredited",COUNTY VETERAN SERVICE OFFICERS,mi_26127
Wexford County Department of Veterans Affairs,Wexford,"401 North Lake St., Cadillac, MI 49601",231-775-6654,veterans@wexfordcounty.org,"Monday - Thursday, 9:00 a.m. - 5:00 p.m.","Phillip Babcock, Accredited",AMERICAN LEGION - VETERAN SERVICE OFFICER,mi_26165
Missaukee County Veterans Affairs,Missaukee,"113 E. Prospect Street, Lake City, MI 49651",231-839-4200 ext. 507,veteranaffairs@missaukee.org,"Monday - Thursday, 9:00 a.m. - 2:00 p.m.  Closed on Friday","Jan Anderson, Accredited",COUNTY VETERAN SERVICE OFFICER,mi_26113
Iosco County Department of Veterans Affairs,Iosco,"671 E. M-55, Tawas City, MI 48763",989-362-6571,apoling@ioscocounty.org,"Monday - Friday, 8:00 a.m. - 4:00 p.m.","Adriana Poling, Accredited",COUNTY VETERAN SERVICE OFFICERS,mi_26069
Roscommon County Veterans Services,Roscommon,"500 Lake St., Roscommon, MI 48653",989-275-6047,veterans@roscommoncounty.net,"Monday - Friday, 8:30 a.m. - 4:30 p.m.","Alisha Pastell, Accredited",COUNTY VETERAN SERVICE OFFICERS,mi_26143
Mason County Department of Veterans Affairs,Mason,"920 E. Tinkham Ave.&nbsp;, Ludington, MI 49431",231-583-2028,jcotten@masoncounty.net,"Monday - Friday, 10:00 a.m. - 2:00 p.m.","John Cotten, Accredited",COUNTY VETERAN SERVICE OFFICER,mi_26105
Mason County - American Legion Post 76,Mason,"318 N. James St.&nbsp;, Ludington, MI 49431",231-845-7094,pbabcock@michiganlegion.org,"1st & 3rd Wednesday, 8:30 a.m. - 4:30 p.m.","Phillip Babcock, Accredited",AMERICAN LEGION - VETERAN SERVICE OFFICER,mi_26105
Crawford County Department of Veterans Affairs,Crawford,"501 Norway St., Suite 3, Grayling, MI 49738",989-344-3861,jjennette@crawfordco.org,"Monday - Friday, 8:00 a.m. - 4:00 p.m.","David Seaford, Accredited",dave.seaford@davmichigan.com,mi_26039
Oscoda County Department of Veterans Affairs,Oscoda,"205 E. 11th Street, Mio, MI 48647",989-826-9500,veterans@oscodacountymi.com,"Monday - Thursday, 9:00 a.m. - 3:00 p.m.",,COUNTY VETERANS SERVICE OFFICER,mi_26135
Manistee County Department of Veterans Affairs,Manistee,"400 River Street, Manistee, MI 49660",231-299-1414,gscott@manisteecountymi.gov,"Monday - Friday, 9:00 a.m. - 4:00 p.m.","Phillip Babcock, Accredited",AMERICAN LEGION - VETERAN SERVICE OFFICER,mi_26101
Kalkaska County Department of Veterans Affairs,Kalkaska,"303 S. Coral Street, Kalkaska, MI 49646",231-258-3370,mpauch@kalkaskacounty.org,"Monday - Thursday, 8:00 a.m. - 1:00 p.m. (by appointment only)","Phillip Babcock, Accredited",AMERICAN LEGION - VETERAN SERVICE OFFICER,mi_26079
Alcona County Office of Veterans Affairs,Alcona,"222 S. 2nd Street, Lincoln, MI&nbsp;48742",989-724-9510,alvets@alcona-county.net,"Monday - Friday, 9:00 a.m. - 4:30 p.m.","Tony Atkinson, Accredited",COUNTY VETERAN SERVICE OFFICER,mi_26001
Grand Traverse County Department of Veterans Affairs,Grand Traverse,"2650 LaFranier Road, Traverse City, MI 49686-8972",231-995-6070,veterans@gtcountymi.gov,"Monday - Friday, 8:00 a.m. - 4:30 p.m.","Chris Dailey, Accredited",COUNTY VETERAN SERVICE OFFICERS,mi_26055
Benzie County Department of Veterans Affairs,Benzie,"448 Court Place, Beulah, MI 49617",231-882-0034,kkorolenko@benzieco.gov,"Monday - Friday, 8:00 a.m. - 5:00 p.m.","Karen Korolenko, Accredited, Director",COUNTY VETERAN SERVICE OFFICER,mi_26019
Otsego County - Gaylord CBOC,Otsego,"2782 S. Otsego Ave., Gaylord, MI 49735",517-897-0855,rwiles@michiganlegion.org,"2nd and 3rd Thursday, 8:00 a.m. - 4:00 p.m.","Richard Wiles, Accredited",AMERICAN LEGION - VETERAN SERVICE OFFICER,mi_26137
Montmorency County Veteran Service Office,Montmorency,"12265 M-32, Atlanta, MI 49709",989-785-8043,vso@montcounty.org,"Monday - Thursday, 8:30 a.m. - 4:30 p.m.","Stephanie Fisher, Accredited",AMERICAN LEGION - VETERAN SERVICE OFFICER,mi_26119
Antrim County Department of Veterans Affairs,Antrim,", 203 E. Cayuga St., Bellaire, MI 49615",231-533-8499,corbinb@antrimcounty.gov,"Monday - Friday, 8:00 a.m. - 4:00 p.m.","Carrie Perez, Accredited",COUNTY VETERAN SERVICE OFFICERS,mi_26009
Otsego County Department of Veterans Affairs,Otsego,"225 W. Main St., Room 213, Gaylord, MI 49735",989-731-7575,mhopp@otsegocountymi.gov,"Monday - Friday, 8:00 a.m. - 3:30 p.m.","Richard Wiles, Accredited",AMERICAN LEGION - VETERAN SERVICE OFFICER,mi_26137
Leelanau County Office,Leelanau,"8527 E. Governmental Center, Suite 103, Suttons Bay, MI 49682",231-995-6070,veterans@grandtraverse.org,"Tuesdays, 9:00 a.m. - 4:00 p.m.",,Please note: Grand Traverse County services Leelanau County veterans.,mi_26089
Alpena County - Alpena CRTC,Alpena,"5884 A Street, Alpena, MI 49707",517-897-6954,peplinskia1@michigan.gov,"Monday, 8:00 a.m. &ndash; 4:30 p.m. (by appointment only)","Amber Peplinski, Accredited",MICHIGAN VETERANS AFFAIRS AGENCY - VETERAN SERVICE OFFICER,mi_26007
Alpena County Department of Veterans Affairs,Alpena,", 150 B N. State St., Alpena, MI 49707",989-354-9671,Perged@Alpenacounty.org,"Monday - Friday, 8:00 a.m. - 4:30 p.m.","Kevin Morgan, Accredited",COUNTY VETERAN SERVICE OFFICERS,mi_26007
Alpena County - MyMichigan Medical Center,Alpena,"1501 W. Chisholm Street, Alpena, MI 49707",517-897-6954,peplinskia1@michigan.gov,"Tuesday - Thursday, 8:00 a.m. &ndash; 4:30 p.m. (by appointment only)","Amber Peplinski, Accredited",MICHIGAN VETERANS AFFAIRS AGENCY - VETERAN SERVICE OFFICER,mi_26007
Charlevoix County Department of Veterans Affairs,Charlevoix,"13513 Division Ave., Charlevoix, MI 49720",231-547-7220,veteransaffairs@charlevoixcounty.org,"Monday - Friday, 8:00 p.m. - 4:00 p.m.","Phil Babcock, Accredited",AMERICAN LEGION - VETERANS SERVICE OFFICER,mi_26029
Emmet County - American Legion Post 194,Emmet,"455 Bay St, Petoskey, MI 49770",231-590-6200,pbabcock@michiganlegion.org,"Tuesday, 8:00 a.m. - 4:00 p.m.","Phillip Babcock, Accredited",AMERICAN LEGION - VETERANS SERVICE OFFICER,mi_26047
Emmet County Department of Veterans Affairs,Emmet,"3434 M-119, Suite E, Harbor Springs, MI 49740",231-348-1780,jurban@emmetcounty.org,"Monday - Friday, 8:00 a.m. - 4:00 p.m.","Jeff Urban, Accredited, Director",COUNTY VETERAN SERVICE OFFICERS,mi_26047
Presque Isle County Department of Veterans Affairs,Presque Isle,"151 E. Huron Avenue, Rogers City, MI 49779",989-734-0302,veterans@picounty.org,"Monday - Wednesday, 8:00 a.m. - 3:00 p.m.","Stephanie Fisher, Accredited",AMERICAN LEGION - VETERAN SERVICE OFFICER,mi_26141
Cheboygan County Department of Veterans Services,Cheboygan,"870 S. Main St., Room 122, Cheboygan, MI 49721",231-627-8833,veterans@cheboygancounty.net,"Monday - Friday, 8:00 a.m. - 4:00 p.m.","Brian Crittenden, Accredited",COUNTY VETERAN SERVICE OFFICERS,mi_26031
Cheboygan County - Great Lakes Lighthouse Keepers Association,Cheboygan,"707 N Huron Ave., Mackinaw City, MI 49701",989-225-0221,sfisher@michiganlegion.org,"Friday, 9:00 a.m. &ndash; 5:00 p.m.","Stephanie Fisher, Accredited",AMERICAN LEGION - VETERAN SERVICE OFFICER,mi_26031
Mackinac County Department of Veterans Affairs,Mackinac,"Room 105, 100 S. Marley, St. Ignace, MI 49781",906-643-9411,mredmondvso@gmail.com,"Monday - Friday,  9:00 a.m. - 4:00 p.m.","Richard Wiles, Accredited",AMERICAN LEGION - VETERAN SERVICE OFFICER,mi_26097
Mackinac County - VFW Post 5114,Mackinac,"1110 N. State St., St. Ignace, MI 49781",517-897-0855,rwiles@michiganlegion.org,"2nd Tuesday, 8:00 a.m. - 4:00 p.m.","Richard Wiles, Accredited",AMERICAN LEGION - VETERAN SERVICE OFFICER,mi_26097
Menominee County Department of Veterans Affairs,Menominee,"1002 9th Street, Menominee, MI 49858",800-575-2876,dknernschield@menomineecountymi.gov,"Monday - Friday, 8:00 a.m. - 4:30 p.m.","Debbie Knernschield, Accredited",COUNTY VETERANS SERVICE OFFICER AND VETERANS TRUST FUND AGENT,mi_26109
Schoolcraft County Department of Veterans Affairs,Schoolcraft,"300 Walnut St., Room 206B, Manistique, MI 49854",906-341-3669,veterans@schoolcraftcounty.us,"Monday - Friday, 8:00 a.m. - 4:00 p.m.","Stacy Thill, Accredited",AMERICAN LEGION - VETERAN SERVICE OFFICERS,mi_26153
Delta County – Purple Heart Building,Delta,"1202 Sheridan Rd., Escanaba, MI 49829",906-202-0533,Matthew.Witte@va.gov,"Monday, Tuesday, Wednesday, and Friday, 8:30 a.m. - 5:00 p.m.","Matthew Witte, Accredited",DISABLED AMERICAN VETERANS - VETERAN SERVICE OFFICER,mi_26041
Delta County Department of Veterans Affairs,Delta,"2840 College Ave., 2840A, Escanaba, MI 49829",906-786-7228,ddziewior@deltacountymi.org,"Monday - Friday, 9:00 a.m. - 4:00 p.m.","Stacy Thill, Accredited",AMERICAN LEGION - VETERAN SERVICE OFFICER,mi_26041
Delta County – American Legion Post 301,Delta,"10584 N. Main Street, Rapid River, MI 49878",906-286-3776,sgrady@michiganlegion.org,"Wednesday, 8:00 a.m. - 2:00 p.m.","Shay Grady, Accredited",AMERICAN LEGION &ndash; VETERANS SERVICE OFFICER,mi_26041
Luce County Veterans Services Office,Luce,"407 W. Harrie St., Newberry, MI 49868",906-293-4890,rminard@lucecountymi.gov,"Monday - Friday, 8:00 a.m. - 4:00 p.m.","Rick Minard, Accredited",COUNTY VETERAN SERVICE OFFICER,mi_26095
Chippewa County - Sault Ste. Marie CBOC,Chippewa,"3440 I-75 Business Spur, Sault Ste. Marie, MI 49783",517-897-0855,rwiles@michiganlegion.org,"Monday, 8:00 a.m. - 4:00 p.m.","Richard Wiles, Accredited",AMERICAN LEGION - VETERAN SERVICE OFFICER,mi_26033
Chippewa County Office of Veterans Affairs,Chippewa,"319 Court St., 3rd Floor, Sault Ste. Marie, MI 49783",906-635-6370,veteran@chippewacountymi.gov,"Monday - Friday, 8:00 a.m. - 4:00 p.m.","John Miller, Accredited",COUNTY VETERAN SERVICE OFFICER,mi_26033
Alger County Department of Veterans Affairs,Alger,", 101 Court St., Munising, MI 49862-1196",906-387-1635,algervets@algercounty.gov,"Monday - Wednesday, 8:00 a.m. - 4:00 p.m. and Thursday, 8:00 a.m. - 3:00 p.m.","Becky Burns, Accredited",COUNTY VETERAN SERVICE OFFICER,mi_26003
Dickinson County - Iron Mountain VA Medical Center,Dickinson,"325 East H Street, Iron Mountain, MI 49801","906-774-3300, ext. 3194",,"Monday - Friday, 7:00 a.m. - 3:30 p.m.","Andrew Smith, Accredited",,mi_26043
Dickinson County Veteran Service Office,Dickinson,"2301 Woodward Avenue, Kingsford, MI 49802",906-774-2820,dformolo@dickinsoncountymi.gov,"Monday - Friday, 8:00 a.m. - 4:30 p.m. CST","Lacey Ellison, Accredited",COUNTY VETERAN SERVICE OFFICERS,mi_26043
Marquette County – American Legion Post 349,Marquette,"1835 County Highway EED, Little Lake, MI 49833",906-286-3776,sgrady@michiganlegion.org,"1st & 3rd Thursday, 8:00 a.m. &ndash; 2:30 p.m.","Shay Grady, Accredited",AMERICAN LEGION &ndash; VETERAN SERVICE OFFICER,mi_26103
Marquette County – VFW Post 5670,Marquette,"54 N. Mitchell Rd., Gwinn, MI 49841",906-286-3776,sgrady@michiganlegion.org,"2nd & 4th Thursday, 8:00 a.m. &ndash; 2:30 p.m.","Shay Grady, Accredited",AMERICAN LEGION &ndash; VETERAN SERVICE OFFICER,mi_26103
Marquette County Courthouse,Marquette,"234 W. Baraga Ave., Marquette, MI 49855",906-458-7113,MartinE19@michigan.gov,"Monday - Tuesday and Thursday, 7:30 a.m. - 4:00 p.m. (by appointment only)","Eric Martin, Accredited",MICHIGAN VETERANS AFFAIRS AGENCY - VETERAN SERVICE OFFICER,mi_26103
Marquette County – American Legion Post 44,Marquette,"700 W. Bluff Street, Marquette, MI 49855",906-286-3776,sgrady@michiganlegion.org,"Friday, 7:30 a.m. &ndash; 2:30 p.m.","Shay Grady, Accredited",AMERICAN LEGION &ndash; VETERAN SERVICE OFFICER,mi_26103
Marquette County Department of Veterans Affairs,Marquette,"215 West Hematite, Ishpeming, MI 49849",906-485-1781,ddost@mqtco.org,"Monday - Friday, 8:30 a.m. - 4:30 p.m.","Shay Grady, Accredited",AMERICAN LEGION - VETERAN SERVICE OFFICER,mi_26103
Marquette County – American Legion Post 144,Marquette,"3050 Co Rd 496, Ishpeming, MI 49849",906-286-3776,sgrady@michiganlegion.org,"Tuesday, 7:30 a.m. &ndash; 2:30 p.m.","Shay Grady, Accredited",AMERICAN LEGION &ndash; VETERAN SERVICE OFFICER,mi_26103
Iron County Veteran Service Office,Iron,"106 W. Genesee St., Suite 101, Iron River, MI 49935",906-265-3819,icvso@att.net,"Tuesday - Thursday, 9:00 a.m. - 4:00 p.m.","Gerald Williams, Accredited",COUNTY VETERAN SERVICE OFFICER,mi_26071
Baraga County Office of Veteran Affairs,Baraga,"2 S. Main St., L'Anse, MI 49946",906-524-5454,bcvso1@baragacounty.org,"Monday - Tuesday, 11:00 a.m. - 7:00 p.m., Wednesday - Thursday, 8:00 a.m. - 4:00 p.m.","Justin Koivu, Accredited",COUNTY VETERAN SERVICE OFFICER,mi_26013
Houghton County Department of Veterans Affairs,Houghton,"23810 Airpark Blvd., Suite 130, Calumet, MI, 49913",906-482-0102,VSO@houghtoncounty.gov,"Monday - Thursday, 9:00 a.m. - 3:00 p.m.","Catherine Anthony, Accredited",COUNTY VETERAN SERVICE OFFICERS,mi_26061
Ontonagon County Veteran Services,Ontonagon,"725 Greenland Road, Ontonagon, MI 49953",906-884-6204,vets@ontonagoncounty.org,"Tuesday, 9:00 a.m. - 3:00 p.m.","Floyd Rowley, Accredited",COUNTY VETERAN SERVICE OFFICER,mi_26131
Keweenaw County Department of Veterans Affairs,Keweenaw,"388 Bumbletown Road, Allouez, MI 49805",906-934-2354,vso@keweenawcountymi.gov,"Tuesday - Wednesday, 8:00 a.m. - 4:00 p.m. & Thursday, 8:00 a.m. - 12:00 p.m. (by appointment only)","Josh Rheault, Accredited",COUNTY VETERAN SERVICE OFFICER,mi_26083
Gogebic County Office of Veterans Services,Gogebic,"200 N. Moore St., Bessemer, MI 49911",906-667-1110,veterans@gogebic.gov,"Monday - Friday, 8:30 a.m. - 4:00 p.m.","Guadalupe Martinez, Accredited",DAV TRANSPORTATION AND OUTREACH COORDINATOR,mi_26053
Muskegon County - American Legion - Telework,Muskegon,,517-582-1678,dav.vbadet@va.gov,"Friday, 9:00 a.m. - 2:00 p.m.","Courtney Mills, Accredited",Muskegon County - American Legion - Telework,mi_26121
Macomb County - Vietnam Veterans of America - Telework,Macomb,,734-800-9399,rlegault.vso@outlook.com,,"Richard Legault, Accredited",Macomb County - Vietnam Veterans of America - Telework,mi_26099
Lapeer County - Veterans of Foreign Wars - Telework,Lapeer,,313-529-0041,amanda.klein@va.gov,,"Amanda Klein, Accredited",,mi_26087
St. Clair County - American Legion - Telework,St. Clair,,"833-648-3826, Option 1",lisa.misenko@va.gov,,"Lisa Misenko, Accredited",St. Clair County - American Legion - Telework,mi_26147
Lenawee County - American Legion - Telework,Lenawee,,"833-648-3826, Option 1",lisa.misenko@va.gov,,"Lisa Misenko, Accredited",Lenawee County - American Legion - Telework,mi_26091
Ingham County - Veterans of Foreign Wars - Telework,Ingham,,313-645-0106,john.howe4@va.gov,,"Glenn Whitt, Accredited",,mi_26065
Grand Traverse County - American Legion - Telework,Grand Traverse,,989-225-0221,sfisher@michiganlegion.org,,"Stacy Thill, Accredited",Grand Traverse County - American Legion - Telework,mi_26055
Calhoun County - Veterans of Foreign Wars - Telework,Calhoun,,313-712-0406,glenn.whitt@va.gov,,"Glenn Whitt, Accredited",,mi_26025
Kent County - American Legion - Telework,Kent,,616-268-8073,pbreas@michiganlegion.org,"1st Friday, 8:00 a.m. - 4:00 p.m.","Patty Breas, Accredited",Kent County - American Legion - Telework,mi_26081
Kent County - Disabled American Veterans- Telework,Kent,,586-817-6133,alexandria.downing@va.gov,"Wednesday & Thursday, 7:30 a.m. - 9:30 a.m.","Amber Henderson, Accredited",,mi_26081
Washtenaw County - American Legion - Telework,Washtenaw,,906-202-4238,s.king@michiganlegion.org,,"Brian Brooks, Accredited",Washtenaw County - American Legion - Telework,mi_26161
Antrim County - American Legion - Telework,Antrim,,"833-648-3826, Option 1",lisa.misenko@va.gov,,"Lisa Misenko, Accredited",Antrim County - American Legion - Telework,mi_26009
Allegan County - American Legion - Telework,Allegan,,616-268-8073,pbreas@michiganlegion.org,,"Patty Breas, Accredited",Allegan County - American Legion - Telework,mi_26005
