Office,County,Phone,Email,Latitude,Longitude,geo_tag
Belgrade,Gallatin,(406) 388-4601,MVADBelgrade@mt.gov,45.7652529,-111.1456788,mt_30031
Billings,Yellowstone,(406) 248-8579,MVADBillings@mt.gov,45.7976059,-108.5177607,mt_30111
Butte,Silver Bow,(406) 533-0910,MVADButte@mt.gov,45.9817509,-112.5282486,mt_30093
Great Falls,Cascade,(406) 452-2265,MVADGreatFalls@mt.gov,47.503801,-111.3045225,mt_30013
Havre,Hill,(406) 265-4225,MVADHavre@mt.gov,48.5541257,-109.6878661,mt_30041
Helena,Lewis and Clark,(406) 324-4774,MVADHelena@mt.gov,46.6164232,-112.1004735,mt_30049
Kalispell,Flathead,(406) 755-3795,MVADKalispell@mt.gov,48.257844,-114.3269328,mt_30029
Miles City,Custer,(406) 232-1203,MVADMilesCity@mt.gov,46.4177617,-105.8215147,mt_30017
Missoula,Missoula,(406) 542-2501,MVADMissoula@mt.gov,46.8533121,-114.0595228,mt_30063
